id,category_id,name,description,price,image_url,is_available,created_at
89487e82-e1f4-4a40-a1c6-19a76f8eaa75,889ac393-27f0-4b2d-ae9a-80a8e4331cd5,Panuchos de Cochinita,Panuchos yucatecos rellenos de cochinita pibil con cebolla morada,35.0,https://images.unsplash.com/photo-1565299507177-b0ac66763828?w=400,True,2026-06-17T02:13:43.041882+00:00
75270afd-e0ca-4863-9614-31042204dcba,889ac393-27f0-4b2d-ae9a-80a8e4331cd5,Salbutes,"Tortillas fritas con pollo, lechuga, tomate y cebolla morada",30.0,https://images.unsplash.com/photo-1551504734-5ee1c4a1479b?w=400,True,2026-06-17T02:13:43.041882+00:00
189adf6e-958f-4fea-bfd7-33b9a67c2958,889ac393-27f0-4b2d-ae9a-80a8e4331cd5,Huevos Motuleños,"Huevos fritos sobre tortilla con frijoles, jamón, chícharos y plátano",55.0,https://images.unsplash.com/photo-1525351484163-7529414344d8?w=400,True,2026-06-17T02:13:43.041882+00:00
1219b439-fc7b-45ca-ab13-82d9d5eef284,889ac393-27f0-4b2d-ae9a-80a8e4331cd5,Chilaquiles Rojos,"Totopos en salsa roja con crema, queso y pollo",60.0,https://images.unsplash.com/photo-1584278433313-7aa1dd8a75f0?w=400,True,2026-06-17T02:13:43.041882+00:00
48ab4f6f-a29e-4fb6-ad70-e4172cff3f4b,4d95c0e4-640d-4b03-9f82-7fd5cc03b7d1,Poc Chuc,Cerdo marinado en naranja agria asado al carbón con ensalada,95.0,https://images.unsplash.com/photo-1558030006-450675393462?w=400,True,2026-06-17T02:13:43.041882+00:00
78d4c834-7870-44d8-815f-6d2fdef1b2a2,4d95c0e4-640d-4b03-9f82-7fd5cc03b7d1,Sopa de Lima,"Sopa yucateca de lima con pollo, tortilla y aguacate",70.0,https://images.unsplash.com/photo-1547592180-85f173990554?w=400,True,2026-06-17T02:13:43.041882+00:00
0218e35b-68a4-4986-bb1b-035a4291acb7,4d95c0e4-640d-4b03-9f82-7fd5cc03b7d1,Cochinita Pibil,"Cerdo horneado en hoja de plátano con achiote, frijoles y tortillas",90.0,https://images.unsplash.com/photo-1565299585323-38d6b0865b47?w=400,True,2026-06-17T02:13:43.041882+00:00
8bc8a7bf-fc92-4333-9ad2-d5db510f96bc,4d95c0e4-640d-4b03-9f82-7fd5cc03b7d1,Relleno Negro,"Guiso yucateco con pavo, chile y especia negra, servido con arroz",105.0,https://images.unsplash.com/photo-1516684732162-798a0062be99?w=400,True,2026-06-17T02:13:43.041882+00:00
e7da73d1-a5f5-4ab9-897e-2d8eea474f19,4d95c0e4-640d-4b03-9f82-7fd5cc03b7d1,Lomitos de Valladolid,Cerdo en salsa de jitomate estilo Valladolid,88.0,https://images.unsplash.com/photo-1555939594-58d7cb561ad1?w=400,True,2026-06-17T02:13:43.041882+00:00
b52aa84f-9a66-4c7f-9813-6fb9db80fc34,6015a68c-2e29-48bf-ba5f-a872c0c2a962,Papas a la Francesa,Papas fritas con sal y alioli,35.0,https://images.unsplash.com/photo-1573080496219-bb080dd4f877?w=400,True,2026-06-17T02:13:43.041882+00:00
832b0f76-79c9-4928-9cbe-8e6fbb91e9f5,6015a68c-2e29-48bf-ba5f-a872c0c2a962,Alitas BBQ,6 alitas de pollo en salsa BBQ con aderezo ranch,75.0,https://images.unsplash.com/photo-1567620832903-9fc6debc209f?w=400,True,2026-06-17T02:13:43.041882+00:00
092ad979-fc22-4faa-a645-8413e1379756,6015a68c-2e29-48bf-ba5f-a872c0c2a962,Elote Loco,"Elote con mayonesa, queso, chile y limón",25.0,https://images.unsplash.com/photo-1551754655-cd27e38d2076?w=400,True,2026-06-17T02:13:43.041882+00:00
7b50722d-8b71-4a24-9bde-702d8e12e342,6015a68c-2e29-48bf-ba5f-a872c0c2a962,Tostadas de Ceviche,3 tostadas con ceviche de camarón fresco,55.0,https://images.unsplash.com/photo-1625944230945-1b7dd3b949ab?w=400,True,2026-06-17T02:13:43.041882+00:00
ef9bfb35-bb7b-472b-a64d-bc681c1f0072,1b32d62d-b66b-4023-b98b-e8c07310b148,Agua de Horchata,Agua fresca de horchata con canela (1L),25.0,https://images.unsplash.com/photo-1568909344668-6f14a07b56a0?w=400,True,2026-06-17T02:13:43.041882+00:00
76909304-086b-4bb9-b21b-206d99f1deae,1b32d62d-b66b-4023-b98b-e8c07310b148,Agua de Jamaica,Agua fresca de flor de jamaica (1L),20.0,https://images.unsplash.com/photo-1544145945-f90425340c7e?w=400,True,2026-06-17T02:13:43.041882+00:00
69ab1e7d-1405-4182-9958-4b0bc7405daf,1b32d62d-b66b-4023-b98b-e8c07310b148,Café de Olla,Café tradicional con canela y piloncillo,28.0,https://images.unsplash.com/photo-1509042239860-f550ce710b93?w=400,True,2026-06-17T02:13:43.041882+00:00
7e4ce8f2-56a6-4a62-a35f-5b71809171cf,1b32d62d-b66b-4023-b98b-e8c07310b148,Limonada Natural,Limonada fresca con menta y hielo,22.0,https://images.unsplash.com/photo-1495474472287-4d71bcdd2085?w=400,True,2026-06-17T02:13:43.041882+00:00
f1ca7f6f-aa3b-4368-8595-cfc56d8e128a,1b32d62d-b66b-4023-b98b-e8c07310b148,Refresco Lata,"Coca-Cola, Pepsi o Sprite (355ml)",18.0,https://images.unsplash.com/photo-1625772452859-1c03d884dcd7?w=400,True,2026-06-17T02:13:43.041882+00:00
784e60b1-42cf-4a8b-9ea1-78acb65d42ba,8c34c28c-cf17-4175-85aa-85244e83d737,Dulce de Papaya,Papaya en almíbar con queso de bola yucateco,30.0,https://images.unsplash.com/photo-1563729784474-d77dbb933a9e?w=400,True,2026-06-17T02:13:43.041882+00:00
3b61632d-7835-4181-8fa0-9f77c86c946e,8c34c28c-cf17-4175-85aa-85244e83d737,Cheesecake de Mango,Cheesecake cremoso con cobertura de mango fresco,55.0,https://images.unsplash.com/photo-1587314168485-3236d6710814?w=400,True,2026-06-17T02:13:43.041882+00:00
2ae6910c-5f34-48f2-82a3-0b016f121c01,8c34c28c-cf17-4175-85aa-85244e83d737,Churros con Chocolate,4 churros crujientes con dip de chocolate caliente,45.0,https://images.unsplash.com/photo-1624471943889-e8f9eb0cdb3c?w=400,True,2026-06-17T02:13:43.041882+00:00
c631afb2-8772-436f-8a21-c663a1bc84f6,8c34c28c-cf17-4175-85aa-85244e83d737,Helado Artesanal,"Bola de helado artesanal: guanábana, mamey o coco",35.0,https://images.unsplash.com/photo-1497034825429-c343d7c6a68f?w=400,True,2026-06-17T02:13:43.041882+00:00
1bb6bc23-1790-4cfa-aa5c-5a200356dd5d,ca45f53b-2b23-4c38-aa7b-68d13f07927a,Ensalada César,"Lechuga romana, crutones, parmesano y aderezo césar",65.0,https://images.unsplash.com/photo-1551248429-40975aa4de74?w=400,True,2026-06-17T02:13:43.041882+00:00
30e22de8-fa44-4efc-a90e-c76c1f388408,ca45f53b-2b23-4c38-aa7b-68d13f07927a,Ensalada de Aguacate,"Mix de verdes, aguacate, tomate cherry y vinagreta de limón",70.0,https://images.unsplash.com/photo-1512621776951-a57141f2eefd?w=400,True,2026-06-17T02:13:43.041882+00:00
c57f1c7a-3d2f-4902-857d-aefd5a21050f,ca45f53b-2b23-4c38-aa7b-68d13f07927a,Ensalada de Pollo,Pechuga a la plancha sobre mix de lechugas con aderezo de mostaza,75.0,https://images.unsplash.com/photo-1546793665-c74683f339c1?w=400,True,2026-06-17T02:13:43.041882+00:00
